IMG/imagem232.jpg,-0.0,-0.0
IMG/imagem233.jpg,-0.0,-0.0
IMG/imagem234.jpg,-0.0,-0.0
IMG/imagem235.jpg,-0.0,-0.0
IMG/imagem236.jpg,-0.0,-0.0
IMG/imagem237.jpg,-0.0,-0.0
IMG/imagem238.jpg,-0.0,-0.0
IMG/imagem239.jpg,-0.0,-0.0
IMG/imagem240.jpg,0.016402311623096466,-0.0
IMG/imagem241.jpg,0.025384463369846344,-0.0
IMG/imagem242.jpg,0.0433487668633461,-0.0
IMG/imagem243.jpg,0.061313074082136154,-0.0
IMG/imagem244.jpg,0.07029522210359573,-0.0
IMG/imagem245.jpg,0.08825953304767609,-0.0
IMG/imagem246.jpg,0.09724168479442596,-0.0
IMG/imagem247.jpg,0.11520598828792572,-0.0
IMG/imagem248.jpg,0.1241881400346756,-0.0
IMG/imagem249.jpg,0.14215244352817535,-0.0
IMG/imagem250.jpg,0.1601167470216751,-0.0
IMG/imagem251.jpg,0.169098898768425,-0.0
IMG/imagem252.jpg,0.18706320226192474,-0.0
IMG/imagem253.jpg,0.19604535400867462,-0.0
IMG/imagem254.jpg,0.21400965750217438,-0.0
IMG/imagem255.jpg,0.23197396099567413,-0.0
IMG/imagem256.jpg,0.240956112742424,-0.0
IMG/imagem257.jpg,0.25895509123802185,-0.0
IMG/imagem258.jpg,0.26793724298477173,-0.0
IMG/imagem259.jpg,0.2859015464782715,-0.0
IMG/imagem260.jpg,0.29488369822502136,-0.0
IMG/imagem261.jpg,0.3128480017185211,-0.0
IMG/imagem262.jpg,0.3308123052120209,-0.0
IMG/imagem263.jpg,0.33979445695877075,-0.0
IMG/imagem264.jpg,0.3577587902545929,-0.0
IMG/imagem265.jpg,0.3667409420013428,-0.0
IMG/imagem266.jpg,0.3667409420013428,-0.0
IMG/imagem267.jpg,0.38470524549484253,-0.0
IMG/imagem268.jpg,0.38470524549484253,-0.0
IMG/imagem269.jpg,0.3936873972415924,-0.0
IMG/imagem270.jpg,0.41165170073509216,-0.0
IMG/imagem271.jpg,0.4296160042285919,-0.0
IMG/imagem272.jpg,0.4385981559753418,-0.0
IMG/imagem273.jpg,0.45656245946884155,-0.0
IMG/imagem274.jpg,0.46554461121559143,-0.0
IMG/imagem275.jpg,0.4835089147090912,-0.0
IMG/imagem276.jpg,0.5014731884002686,-0.0
IMG/imagem277.jpg,0.5014731884002686,-0.0
IMG/imagem278.jpg,0.5104553699493408,-0.0
IMG/imagem279.jpg,0.5284196734428406,-0.0
IMG/imagem280.jpg,0.5374017953872681,-0.0
IMG/imagem281.jpg,0.5553660988807678,-0.0
IMG/imagem282.jpg,0.5553660988807678,-0.0
IMG/imagem283.jpg,0.5643482804298401,-0.0
IMG/imagem284.jpg,0.5823125839233398,-0.0
IMG/imagem285.jpg,0.6002768874168396,-0.0
IMG/imagem286.jpg,0.6092590093612671,-0.0
IMG/imagem287.jpg,0.6092590093612671,-0.0
IMG/imagem288.jpg,0.6272580027580261,-0.0
IMG/imagem289.jpg,0.6362401843070984,-0.0
IMG/imagem290.jpg,0.6542044878005981,-0.0
IMG/imagem291.jpg,0.6631866097450256,-0.007350799161940813
IMG/imagem292.jpg,0.6631866097450256,-0.02531510405242443
IMG/imagem293.jpg,0.6811509132385254,-0.02531510405242443
IMG/imagem294.jpg,0.6811509132385254,-0.03429725766181946
IMG/imagem295.jpg,0.6991152167320251,-0.052261561155319214
IMG/imagem296.jpg,0.6991152167320251,-0.06124371290206909
IMG/imagem297.jpg,0.7080973982810974,-0.07920801639556885
IMG/imagem298.jpg,0.7260617017745972,-0.07920801639556885
IMG/imagem299.jpg,0.7260617017745972,-0.0971723198890686
IMG/imagem300.jpg,0.7350438237190247,-0.10615447163581848
IMG/imagem301.jpg,0.7530081272125244,-0.10615447163581848
IMG/imagem302.jpg,0.7709724307060242,-0.10615447163581848
IMG/imagem303.jpg,0.7799546122550964,-0.12411877512931824
IMG/imagem304.jpg,0.7979189157485962,-0.12411877512931824
IMG/imagem305.jpg,0.8069010376930237,-0.142083078622818
IMG/imagem306.jpg,0.8248654007911682,-0.142083078622818
IMG/imagem307.jpg,0.8518118262290955,-0.142083078622818
IMG/imagem308.jpg,0.8697761297225952,-0.142083078622818
IMG/imagem309.jpg,0.8787583112716675,-0.142083078622818
IMG/imagem310.jpg,0.9057047367095947,-0.15106523036956787
IMG/imagem311.jpg,0.9236690402030945,-0.15106523036956787
IMG/imagem312.jpg,0.9506155252456665,-0.15106523036956787
IMG/imagem313.jpg,0.9685798287391663,-0.15106523036956787
IMG/imagem314.jpg,0.9775619506835938,-0.15106523036956787
IMG/imagem315.jpg,0.9955262541770935,-0.15106523036956787
IMG/imagem316.jpg,1.0,-0.15106523036956787
IMG/imagem317.jpg,1.0,-0.10615447163581848
IMG/imagem318.jpg,0.9685798287391663,-0.0971723198890686
IMG/imagem319.jpg,0.9506155252456665,-0.0971723198890686
IMG/imagem320.jpg,0.9506155252456665,-0.07920801639556885
IMG/imagem321.jpg,0.9326512217521667,-0.07920801639556885
IMG/imagem322.jpg,0.9326512217521667,-0.06124371290206909
IMG/imagem323.jpg,0.9685798287391663,-0.06124371290206909
IMG/imagem324.jpg,0.9775619506835938,-0.06124371290206909
IMG/imagem325.jpg,0.9955262541770935,-0.06124371290206909
IMG/imagem326.jpg,0.9955262541770935,-0.0971723198890686
IMG/imagem327.jpg,1.0,-0.0971723198890686
IMG/imagem328.jpg,1.0,-0.06124371290206909
IMG/imagem329.jpg,1.0,-0.052261561155319214
IMG/imagem330.jpg,1.0,-0.03429725766181946
IMG/imagem331.jpg,1.0,-0.02531510405242443
IMG/imagem332.jpg,1.0,-0.007350799161940813
IMG/imagem333.jpg,1.0,-0.0
IMG/imagem334.jpg,1.0,-0.0
IMG/imagem335.jpg,1.0,-0.0
IMG/imagem336.jpg,1.0,-0.0
IMG/imagem337.jpg,1.0,-0.0
IMG/imagem338.jpg,1.0,-0.0
IMG/imagem339.jpg,1.0,-0.0
IMG/imagem340.jpg,1.0,-0.0
IMG/imagem341.jpg,1.0,-0.0
IMG/imagem342.jpg,1.0,-0.0
IMG/imagem343.jpg,1.0,-0.0
IMG/imagem344.jpg,1.0,-0.0
IMG/imagem345.jpg,1.0,-0.0
IMG/imagem346.jpg,1.0,-0.0
IMG/imagem347.jpg,1.0,-0.0
IMG/imagem348.jpg,1.0,-0.0
IMG/imagem349.jpg,1.0,-0.0
IMG/imagem350.jpg,1.0,-0.0
IMG/imagem351.jpg,1.0,-0.0
IMG/imagem352.jpg,1.0,0.016402311623096466
IMG/imagem353.jpg,1.0,0.025384463369846344
IMG/imagem354.jpg,1.0,0.0433487668633461
IMG/imagem355.jpg,1.0,0.052330922335386276
IMG/imagem356.jpg,1.0,0.07029522210359573
IMG/imagem357.jpg,1.0,0.08825953304767609
IMG/imagem358.jpg,1.0,0.09724168479442596
IMG/imagem359.jpg,1.0,0.11520598828792572
IMG/imagem360.jpg,1.0,0.13317029178142548
IMG/imagem361.jpg,1.0,0.14215244352817535
IMG/imagem362.jpg,1.0,0.1601167470216751
IMG/imagem363.jpg,1.0,0.17808105051517487
IMG/imagem364.jpg,1.0,0.18706320226192474
IMG/imagem365.jpg,1.0,0.2050275057554245
IMG/imagem366.jpg,1.0,0.22299180924892426
IMG/imagem367.jpg,1.0,0.23197396099567413
IMG/imagem368.jpg,1.0,0.24997295439243317
IMG/imagem369.jpg,1.0,0.26793724298477173
IMG/imagem370.jpg,1.0,0.2769193947315216
IMG/imagem371.jpg,1.0,0.29488369822502136
IMG/imagem372.jpg,1.0,0.3128480017185211
IMG/imagem373.jpg,1.0,0.321830153465271
IMG/imagem374.jpg,0.9685798287391663,0.321830153465271
IMG/imagem375.jpg,0.9685798287391663,0.33979445695877075
IMG/imagem376.jpg,0.9685798287391663,0.3577587902545929
IMG/imagem377.jpg,0.9506155252456665,0.3577587902545929
IMG/imagem378.jpg,0.9506155252456665,0.3667409420013428
IMG/imagem379.jpg,0.9326512217521667,0.38470524549484253
IMG/imagem380.jpg,0.9326512217521667,0.4026695489883423
IMG/imagem381.jpg,0.9326512217521667,0.41165170073509216
IMG/imagem382.jpg,0.9236690402030945,0.41165170073509216
IMG/imagem383.jpg,0.9236690402030945,0.4296160042285919
IMG/imagem384.jpg,0.9057047367095947,0.4475803077220917
IMG/imagem385.jpg,0.8967226147651672,0.4475803077220917
IMG/imagem386.jpg,0.9326512217521667,0.4475803077220917
IMG/imagem387.jpg,0.8967226147651672,0.4475803077220917
IMG/imagem388.jpg,0.8787583112716675,0.45656245946884155
IMG/imagem389.jpg,0.8697761297225952,0.4745267629623413
IMG/imagem390.jpg,0.8338475227355957,0.5194374918937683
IMG/imagem391.jpg,0.8069010376930237,0.5463839769363403
IMG/imagem392.jpg,0.7979189157485962,0.5733304023742676
IMG/imagem393.jpg,0.7709724307060242,0.6092590093612671
IMG/imagem394.jpg,0.7709724307060242,0.6631866097450256
IMG/imagem395.jpg,0.7530081272125244,0.6991152167320251
IMG/imagem396.jpg,0.7260617017745972,0.7080973982810974
IMG/imagem397.jpg,0.7080973982810974,0.7440260052680969
IMG/imagem398.jpg,0.6991152167320251,0.7530081272125244
IMG/imagem399.jpg,0.6811509132385254,0.7889367341995239
IMG/imagem400.jpg,0.6631866097450256,0.7979189157485962
IMG/imagem401.jpg,0.6362401843070984,0.7979189157485962
IMG/imagem402.jpg,0.6272580027580261,0.815883219242096
IMG/imagem403.jpg,0.6092590093612671,0.8338475227355957
IMG/imagem404.jpg,0.5823125839233398,0.8338475227355957
IMG/imagem405.jpg,0.5643482804298401,0.842829704284668
IMG/imagem406.jpg,0.5553660988807678,0.8607940077781677
IMG/imagem407.jpg,0.6002768874168396,0.8607940077781677
IMG/imagem408.jpg,0.6272580027580261,0.8607940077781677
IMG/imagem409.jpg,0.6631866097450256,0.8607940077781677
IMG/imagem410.jpg,0.6991152167320251,0.8607940077781677
IMG/imagem411.jpg,0.7260617017745972,0.7979189157485962
IMG/imagem412.jpg,0.7350438237190247,0.7530081272125244
IMG/imagem413.jpg,0.7709724307060242,0.7080973982810974
IMG/imagem414.jpg,0.7709724307060242,0.6631866097450256
IMG/imagem415.jpg,0.7799546122550964,0.5912947058677673
IMG/imagem416.jpg,0.7979189157485962,0.5284196734428406
IMG/imagem417.jpg,0.7979189157485962,0.45656245946884155
IMG/imagem418.jpg,0.7979189157485962,0.4026695489883423
IMG/imagem419.jpg,0.7979189157485962,0.3577587902545929
IMG/imagem420.jpg,0.7979189157485962,0.29488369822502136
IMG/imagem421.jpg,0.7979189157485962,0.24997295439243317
IMG/imagem422.jpg,0.8069010376930237,0.22299180924892426
IMG/imagem423.jpg,0.8069010376930237,0.2050275057554245
IMG/imagem424.jpg,0.8069010376930237,0.18706320226192474
IMG/imagem425.jpg,0.8248654007911682,0.17808105051517487
IMG/imagem426.jpg,0.8338475227355957,0.17808105051517487
IMG/imagem427.jpg,0.8518118262290955,0.17808105051517487
IMG/imagem428.jpg,0.8697761297225952,0.17808105051517487
IMG/imagem429.jpg,0.8967226147651672,0.17808105051517487
IMG/imagem430.jpg,0.9236690402030945,0.17808105051517487
IMG/imagem431.jpg,0.9506155252456665,0.17808105051517487
IMG/imagem432.jpg,0.9685798287391663,0.17808105051517487
IMG/imagem433.jpg,0.9955262541770935,0.17808105051517487
IMG/imagem434.jpg,1.0,0.17808105051517487
IMG/imagem435.jpg,1.0,0.1601167470216751
IMG/imagem436.jpg,1.0,0.13317029178142548
IMG/imagem437.jpg,1.0,0.09724168479442596
IMG/imagem438.jpg,1.0,0.08825953304767609
IMG/imagem439.jpg,1.0,0.07029522210359573
IMG/imagem440.jpg,1.0,0.0433487668633461
IMG/imagem441.jpg,1.0,0.016402311623096466
IMG/imagem442.jpg,1.0,-0.0
IMG/imagem443.jpg,1.0,-0.0
IMG/imagem444.jpg,1.0,-0.0
IMG/imagem445.jpg,1.0,-0.0
IMG/imagem446.jpg,1.0,-0.0
IMG/imagem447.jpg,1.0,-0.0
IMG/imagem448.jpg,1.0,-0.0
IMG/imagem449.jpg,1.0,-0.0
IMG/imagem450.jpg,1.0,-0.0
IMG/imagem451.jpg,1.0,-0.0
IMG/imagem452.jpg,1.0,-0.0
IMG/imagem453.jpg,1.0,-0.0
IMG/imagem454.jpg,1.0,-0.0
IMG/imagem455.jpg,1.0,-0.0
IMG/imagem456.jpg,1.0,-0.0
IMG/imagem457.jpg,1.0,-0.007350799161940813
IMG/imagem458.jpg,1.0,-0.02531510405242443
IMG/imagem459.jpg,1.0,-0.03429725766181946
IMG/imagem460.jpg,1.0,-0.052261561155319214
IMG/imagem461.jpg,1.0,-0.06124371290206909
IMG/imagem462.jpg,1.0,-0.07920801639556885
IMG/imagem463.jpg,1.0,-0.0971723198890686
IMG/imagem464.jpg,1.0,-0.10615447163581848
IMG/imagem465.jpg,1.0,-0.12411877512931824
IMG/imagem466.jpg,1.0,-0.142083078622818
IMG/imagem467.jpg,1.0,-0.15106523036956787
IMG/imagem468.jpg,1.0,-0.16902953386306763
IMG/imagem469.jpg,1.0,-0.18699383735656738
IMG/imagem470.jpg,1.0,-0.2139403074979782
IMG/imagem471.jpg,1.0,-0.23190461099147797
IMG/imagem472.jpg,1.0,-0.24088676273822784
IMG/imagem473.jpg,1.0,-0.2588857412338257
IMG/imagem474.jpg,1.0,-0.2858321964740753
IMG/imagem475.jpg,1.0,-0.3037964999675751
IMG/imagem476.jpg,0.9685798287391663,-0.3307429552078247
IMG/imagem477.jpg,0.9506155252456665,-0.35768941044807434
IMG/imagem478.jpg,0.9506155252456665,-0.3756537139415741
IMG/imagem479.jpg,0.9506155252456665,-0.39361801743507385
IMG/imagem480.jpg,0.9326512217521667,-0.39361801743507385
IMG/imagem481.jpg,0.9326512217521667,-0.40260016918182373
IMG/imagem482.jpg,0.9236690402030945,-0.40260016918182373
IMG/imagem483.jpg,0.9236690402030945,-0.4205644726753235
IMG/imagem484.jpg,0.9057047367095947,-0.4205644726753235
IMG/imagem485.jpg,0.9057047367095947,-0.42954662442207336
IMG/imagem486.jpg,0.8967226147651672,-0.42954662442207336
IMG/imagem487.jpg,0.8967226147651672,-0.4475109279155731
IMG/imagem488.jpg,0.8787583112716675,-0.4654752314090729
IMG/imagem489.jpg,0.8787583112716675,-0.47445738315582275
IMG/imagem490.jpg,0.8697761297225952,-0.4924216866493225
IMG/imagem491.jpg,0.8518118262290955,-0.5103859901428223
IMG/imagem492.jpg,0.8338475227355957,-0.5193681716918945
IMG/imagem493.jpg,0.8248654007911682,-0.5193681716918945
IMG/imagem494.jpg,0.8248654007911682,-0.5373324751853943
IMG/imagem495.jpg,0.8248654007911682,-0.555296778678894
IMG/imagem496.jpg,0.8697761297225952,-0.555296778678894
IMG/imagem497.jpg,0.8787583112716675,-0.555296778678894
IMG/imagem498.jpg,0.9057047367095947,-0.5103859901428223
IMG/imagem499.jpg,0.9685798287391663,-0.40260016918182373
IMG/imagem500.jpg,0.9775619506835938,-0.39361801743507385
IMG/imagem501.jpg,0.9955262541770935,-0.34870725870132446
IMG/imagem502.jpg,0.9955262541770935,-0.31277865171432495
IMG/imagem503.jpg,0.9955262541770935,-0.2858321964740753
IMG/imagem504.jpg,1.0,-0.26786789298057556
IMG/imagem505.jpg,1.0,-0.24088676273822784
IMG/imagem506.jpg,1.0,-0.23190461099147797
IMG/imagem507.jpg,1.0,-0.2139403074979782
IMG/imagem508.jpg,1.0,-0.18699383735656738
IMG/imagem509.jpg,1.0,-0.16902953386306763
IMG/imagem510.jpg,1.0,-0.15106523036956787
IMG/imagem511.jpg,1.0,-0.142083078622818
IMG/imagem512.jpg,1.0,-0.12411877512931824
IMG/imagem513.jpg,1.0,-0.10615447163581848
IMG/imagem514.jpg,1.0,-0.0971723198890686
IMG/imagem515.jpg,1.0,-0.07920801639556885
IMG/imagem516.jpg,1.0,-0.06124371290206909
IMG/imagem517.jpg,1.0,-0.052261561155319214
IMG/imagem518.jpg,1.0,-0.03429725766181946
IMG/imagem519.jpg,1.0,-0.02531510405242443
IMG/imagem520.jpg,1.0,-0.007350799161940813
IMG/imagem521.jpg,1.0,-0.0
IMG/imagem522.jpg,1.0,-0.0
IMG/imagem523.jpg,1.0,-0.0
IMG/imagem524.jpg,1.0,-0.0
IMG/imagem525.jpg,1.0,-0.0
IMG/imagem526.jpg,1.0,-0.0
IMG/imagem527.jpg,1.0,-0.0
IMG/imagem528.jpg,1.0,-0.0
IMG/imagem529.jpg,1.0,-0.0
IMG/imagem530.jpg,1.0,-0.0
IMG/imagem531.jpg,1.0,-0.0
IMG/imagem532.jpg,1.0,-0.0
IMG/imagem533.jpg,1.0,-0.0
IMG/imagem534.jpg,1.0,-0.0
IMG/imagem535.jpg,1.0,-0.0
IMG/imagem536.jpg,1.0,-0.0
IMG/imagem537.jpg,1.0,-0.0
IMG/imagem538.jpg,1.0,-0.0
IMG/imagem539.jpg,1.0,0.025384463369846344
IMG/imagem540.jpg,1.0,0.052330922335386276
IMG/imagem541.jpg,1.0,0.08825953304767609
IMG/imagem542.jpg,1.0,0.09724168479442596
IMG/imagem543.jpg,1.0,0.11520598828792572
IMG/imagem544.jpg,1.0,0.14215244352817535
IMG/imagem545.jpg,1.0,0.1601167470216751
IMG/imagem546.jpg,1.0,0.17808105051517487
IMG/imagem547.jpg,1.0,0.18706320226192474
IMG/imagem548.jpg,1.0,0.2050275057554245
IMG/imagem549.jpg,1.0,0.22299180924892426
IMG/imagem550.jpg,1.0,0.23197396099567413
IMG/imagem551.jpg,1.0,0.26793724298477173
IMG/imagem552.jpg,1.0,0.2769193947315216
IMG/imagem553.jpg,1.0,0.29488369822502136
IMG/imagem554.jpg,1.0,0.3128480017185211
IMG/imagem555.jpg,0.9685798287391663,0.33979445695877075
IMG/imagem556.jpg,0.9506155252456665,0.3577587902545929
IMG/imagem557.jpg,0.9506155252456665,0.3667409420013428
IMG/imagem558.jpg,0.9326512217521667,0.38470524549484253
IMG/imagem559.jpg,0.9326512217521667,0.4026695489883423
IMG/imagem560.jpg,0.9326512217521667,0.41165170073509216
IMG/imagem561.jpg,0.9236690402030945,0.41165170073509216
IMG/imagem562.jpg,0.9236690402030945,0.4296160042285919
IMG/imagem563.jpg,0.9057047367095947,0.4296160042285919
IMG/imagem564.jpg,0.9057047367095947,0.4475803077220917
IMG/imagem565.jpg,0.8967226147651672,0.4475803077220917
IMG/imagem566.jpg,0.9326512217521667,0.4475803077220917
IMG/imagem567.jpg,0.9506155252456665,0.4475803077220917
IMG/imagem568.jpg,0.9685798287391663,0.4475803077220917
IMG/imagem569.jpg,0.9685798287391663,0.41165170073509216
IMG/imagem570.jpg,0.9775619506835938,0.41165170073509216
IMG/imagem571.jpg,0.9775619506835938,0.4026695489883423
IMG/imagem572.jpg,0.9775619506835938,0.38470524549484253
IMG/imagem573.jpg,0.9775619506835938,0.3667409420013428
IMG/imagem574.jpg,0.9775619506835938,0.3577587902545929
IMG/imagem575.jpg,0.9955262541770935,0.3577587902545929
IMG/imagem576.jpg,0.9955262541770935,0.33979445695877075
IMG/imagem577.jpg,0.9955262541770935,0.321830153465271
IMG/imagem578.jpg,0.9955262541770935,0.3128480017185211
IMG/imagem579.jpg,1.0,0.29488369822502136
IMG/imagem580.jpg,1.0,0.2769193947315216
IMG/imagem581.jpg,1.0,0.26793724298477173
IMG/imagem582.jpg,1.0,0.24997295439243317
IMG/imagem583.jpg,1.0,0.23197396099567413
IMG/imagem584.jpg,1.0,0.22299180924892426
IMG/imagem585.jpg,1.0,0.2050275057554245
IMG/imagem586.jpg,1.0,0.18706320226192474
IMG/imagem587.jpg,1.0,0.17808105051517487
IMG/imagem588.jpg,1.0,0.1601167470216751
IMG/imagem589.jpg,1.0,0.14215244352817535
IMG/imagem590.jpg,1.0,0.13317029178142548
IMG/imagem591.jpg,1.0,0.11520598828792572
IMG/imagem592.jpg,1.0,0.09724168479442596
IMG/imagem593.jpg,1.0,0.08825953304767609
IMG/imagem594.jpg,1.0,0.07029522210359573
IMG/imagem595.jpg,1.0,0.052330922335386276
IMG/imagem596.jpg,1.0,0.08825953304767609
IMG/imagem597.jpg,1.0,0.09724168479442596
IMG/imagem598.jpg,1.0,0.11520598828792572
IMG/imagem599.jpg,1.0,0.13317029178142548
IMG/imagem600.jpg,1.0,0.14215244352817535
IMG/imagem601.jpg,1.0,0.1601167470216751
IMG/imagem602.jpg,1.0,0.17808105051517487
IMG/imagem603.jpg,1.0,0.18706320226192474
IMG/imagem604.jpg,1.0,0.2050275057554245
IMG/imagem605.jpg,1.0,0.22299180924892426
IMG/imagem606.jpg,1.0,0.23197396099567413
IMG/imagem607.jpg,1.0,0.24997295439243317
IMG/imagem608.jpg,1.0,0.26793724298477173
IMG/imagem609.jpg,1.0,0.2769193947315216
IMG/imagem610.jpg,1.0,0.29488369822502136
IMG/imagem611.jpg,1.0,0.3128480017185211
IMG/imagem612.jpg,1.0,0.321830153465271
IMG/imagem613.jpg,0.9685798287391663,0.321830153465271
IMG/imagem614.jpg,0.9685798287391663,0.33979445695877075
IMG/imagem615.jpg,0.9685798287391663,0.3577587902545929
IMG/imagem616.jpg,0.9506155252456665,0.3577587902545929
IMG/imagem617.jpg,0.9955262541770935,0.3577587902545929
IMG/imagem618.jpg,0.9955262541770935,0.321830153465271
IMG/imagem619.jpg,0.9955262541770935,0.3128480017185211
IMG/imagem620.jpg,0.9955262541770935,0.29488369822502136
IMG/imagem621.jpg,1.0,0.2769193947315216
IMG/imagem622.jpg,1.0,0.26793724298477173
IMG/imagem623.jpg,1.0,0.24997295439243317
IMG/imagem624.jpg,1.0,0.23197396099567413
IMG/imagem625.jpg,1.0,0.2050275057554245
IMG/imagem626.jpg,1.0,0.18706320226192474
IMG/imagem627.jpg,1.0,0.17808105051517487
IMG/imagem628.jpg,1.0,0.1601167470216751
IMG/imagem629.jpg,1.0,0.14215244352817535
IMG/imagem630.jpg,1.0,0.13317029178142548
IMG/imagem631.jpg,1.0,0.17808105051517487
IMG/imagem632.jpg,1.0,0.18706320226192474
IMG/imagem633.jpg,1.0,0.2050275057554245
IMG/imagem634.jpg,1.0,0.22299180924892426
IMG/imagem635.jpg,1.0,0.23197396099567413
IMG/imagem636.jpg,1.0,0.24997295439243317
IMG/imagem637.jpg,1.0,0.26793724298477173
IMG/imagem638.jpg,1.0,0.2769193947315216
IMG/imagem639.jpg,1.0,0.29488369822502136
IMG/imagem640.jpg,1.0,0.3128480017185211
IMG/imagem641.jpg,1.0,0.321830153465271
IMG/imagem642.jpg,0.9685798287391663,0.321830153465271
IMG/imagem643.jpg,0.9685798287391663,0.33979445695877075
IMG/imagem644.jpg,0.9685798287391663,0.3577587902545929
IMG/imagem645.jpg,0.9506155252456665,0.3577587902545929
IMG/imagem646.jpg,0.9955262541770935,0.3577587902545929
IMG/imagem647.jpg,0.9955262541770935,0.321830153465271
IMG/imagem648.jpg,0.9955262541770935,0.3128480017185211
IMG/imagem649.jpg,0.9955262541770935,0.29488369822502136
IMG/imagem650.jpg,1.0,0.2769193947315216
IMG/imagem651.jpg,1.0,0.26793724298477173
IMG/imagem652.jpg,1.0,0.23197396099567413
IMG/imagem653.jpg,1.0,0.22299180924892426
IMG/imagem654.jpg,1.0,0.2050275057554245
IMG/imagem655.jpg,1.0,0.18706320226192474
IMG/imagem656.jpg,1.0,0.17808105051517487
IMG/imagem657.jpg,1.0,0.1601167470216751
IMG/imagem658.jpg,1.0,0.14215244352817535
IMG/imagem659.jpg,1.0,0.13317029178142548
IMG/imagem660.jpg,1.0,0.11520598828792572
IMG/imagem661.jpg,1.0,0.09724168479442596
IMG/imagem662.jpg,1.0,0.08825953304767609
IMG/imagem663.jpg,1.0,0.07029522210359573
IMG/imagem664.jpg,1.0,0.052330922335386276
IMG/imagem665.jpg,1.0,0.0433487668633461
IMG/imagem666.jpg,1.0,0.025384463369846344
IMG/imagem667.jpg,1.0,0.016402311623096466
IMG/imagem668.jpg,1.0,-0.0
IMG/imagem669.jpg,1.0,-0.0
IMG/imagem670.jpg,1.0,-0.0
IMG/imagem671.jpg,1.0,-0.0
IMG/imagem672.jpg,1.0,-0.0
IMG/imagem673.jpg,1.0,-0.0
IMG/imagem674.jpg,1.0,-0.0
IMG/imagem675.jpg,1.0,-0.0
IMG/imagem676.jpg,1.0,-0.0
IMG/imagem677.jpg,1.0,-0.0
IMG/imagem678.jpg,1.0,-0.0
IMG/imagem679.jpg,1.0,-0.0
IMG/imagem680.jpg,1.0,-0.0
IMG/imagem681.jpg,1.0,-0.0
IMG/imagem682.jpg,1.0,-0.0
IMG/imagem683.jpg,1.0,-0.0
IMG/imagem684.jpg,1.0,-0.0
IMG/imagem685.jpg,1.0,-0.0
IMG/imagem686.jpg,1.0,-0.0
IMG/imagem687.jpg,1.0,0.016402311623096466
IMG/imagem688.jpg,1.0,0.025384463369846344
IMG/imagem689.jpg,1.0,0.0433487668633461
IMG/imagem690.jpg,1.0,0.052330922335386276
IMG/imagem691.jpg,1.0,0.07029522210359573
IMG/imagem692.jpg,1.0,0.08825953304767609
IMG/imagem693.jpg,1.0,0.09724168479442596
IMG/imagem694.jpg,1.0,0.11520598828792572
IMG/imagem695.jpg,1.0,0.13317029178142548
IMG/imagem696.jpg,1.0,0.14215244352817535
IMG/imagem697.jpg,1.0,0.1601167470216751
IMG/imagem698.jpg,1.0,0.17808105051517487
IMG/imagem699.jpg,1.0,0.18706320226192474
IMG/imagem700.jpg,1.0,0.2050275057554245
IMG/imagem701.jpg,1.0,0.22299180924892426
IMG/imagem702.jpg,1.0,0.23197396099567413
IMG/imagem703.jpg,1.0,0.24997295439243317
IMG/imagem704.jpg,1.0,0.26793724298477173
IMG/imagem705.jpg,1.0,0.2769193947315216
IMG/imagem706.jpg,1.0,0.29488369822502136
IMG/imagem707.jpg,1.0,0.3128480017185211
IMG/imagem708.jpg,1.0,0.321830153465271
IMG/imagem709.jpg,0.9685798287391663,0.321830153465271
IMG/imagem710.jpg,0.9685798287391663,0.33979445695877075
IMG/imagem711.jpg,0.9685798287391663,0.3577587902545929
IMG/imagem712.jpg,0.9685798287391663,0.3667409420013428
IMG/imagem713.jpg,0.9506155252456665,0.3667409420013428
IMG/imagem714.jpg,0.9506155252456665,0.38470524549484253
IMG/imagem715.jpg,0.9506155252456665,0.4026695489883423
IMG/imagem716.jpg,0.9326512217521667,0.41165170073509216
IMG/imagem717.jpg,0.9236690402030945,0.41165170073509216
IMG/imagem718.jpg,0.9236690402030945,0.4296160042285919
IMG/imagem719.jpg,0.9057047367095947,0.4475803077220917
IMG/imagem720.jpg,0.8967226147651672,0.4475803077220917
IMG/imagem721.jpg,0.8967226147651672,0.45656245946884155
IMG/imagem722.jpg,0.8787583112716675,0.45656245946884155
IMG/imagem723.jpg,0.8787583112716675,0.4745267629623413
IMG/imagem724.jpg,0.8697761297225952,0.4745267629623413
IMG/imagem725.jpg,0.9057047367095947,0.4745267629623413
IMG/imagem726.jpg,0.9236690402030945,0.4745267629623413
IMG/imagem727.jpg,0.9326512217521667,0.4745267629623413
IMG/imagem728.jpg,0.9506155252456665,0.4745267629623413
IMG/imagem729.jpg,0.9685798287391663,0.4296160042285919
IMG/imagem730.jpg,0.9685798287391663,0.41165170073509216
IMG/imagem731.jpg,0.9775619506835938,0.38470524549484253
IMG/imagem732.jpg,0.9775619506835938,0.3667409420013428
IMG/imagem733.jpg,0.9775619506835938,0.3577587902545929
IMG/imagem734.jpg,0.9955262541770935,0.33979445695877075
IMG/imagem735.jpg,0.9955262541770935,0.321830153465271
IMG/imagem736.jpg,0.9955262541770935,0.3128480017185211
IMG/imagem737.jpg,0.9955262541770935,0.29488369822502136
IMG/imagem738.jpg,1.0,0.2769193947315216
IMG/imagem739.jpg,1.0,0.26793724298477173
IMG/imagem740.jpg,1.0,0.24997295439243317
IMG/imagem741.jpg,1.0,0.23197396099567413
IMG/imagem742.jpg,1.0,0.22299180924892426
IMG/imagem743.jpg,1.0,0.2050275057554245
IMG/imagem744.jpg,1.0,0.18706320226192474
IMG/imagem745.jpg,1.0,0.17808105051517487
IMG/imagem746.jpg,1.0,0.1601167470216751
IMG/imagem747.jpg,1.0,0.14215244352817535
IMG/imagem748.jpg,1.0,0.13317029178142548
IMG/imagem749.jpg,1.0,0.11520598828792572
IMG/imagem750.jpg,1.0,0.09724168479442596
IMG/imagem751.jpg,1.0,0.08825953304767609
IMG/imagem752.jpg,1.0,0.07029522210359573
IMG/imagem753.jpg,1.0,0.052330922335386276
IMG/imagem754.jpg,1.0,0.025384463369846344
IMG/imagem755.jpg,1.0,0.016402311623096466
IMG/imagem756.jpg,1.0,-0.0
IMG/imagem757.jpg,1.0,-0.0
IMG/imagem758.jpg,1.0,-0.0
IMG/imagem759.jpg,1.0,-0.0
IMG/imagem760.jpg,1.0,-0.0
IMG/imagem761.jpg,1.0,-0.0
IMG/imagem762.jpg,1.0,-0.0
IMG/imagem763.jpg,1.0,-0.0
IMG/imagem764.jpg,1.0,-0.0
IMG/imagem765.jpg,1.0,-0.0
IMG/imagem766.jpg,1.0,-0.0
IMG/imagem767.jpg,1.0,-0.0
IMG/imagem768.jpg,1.0,-0.0
IMG/imagem769.jpg,1.0,-0.0
IMG/imagem770.jpg,1.0,-0.0
IMG/imagem771.jpg,1.0,-0.0
IMG/imagem772.jpg,1.0,0.016402311623096466
IMG/imagem773.jpg,1.0,0.025384463369846344
IMG/imagem774.jpg,1.0,0.0433487668633461
IMG/imagem775.jpg,1.0,0.052330922335386276
IMG/imagem776.jpg,1.0,0.07029522210359573
IMG/imagem777.jpg,1.0,0.08825953304767609
IMG/imagem778.jpg,1.0,0.09724168479442596
IMG/imagem779.jpg,1.0,0.11520598828792572
IMG/imagem780.jpg,1.0,0.13317029178142548
IMG/imagem781.jpg,1.0,0.14215244352817535
IMG/imagem782.jpg,1.0,0.1601167470216751
IMG/imagem783.jpg,1.0,0.17808105051517487
IMG/imagem784.jpg,1.0,0.18706320226192474
IMG/imagem785.jpg,1.0,0.2050275057554245
IMG/imagem786.jpg,1.0,0.22299180924892426
IMG/imagem787.jpg,1.0,0.23197396099567413
IMG/imagem788.jpg,1.0,0.24997295439243317
IMG/imagem789.jpg,1.0,0.26793724298477173
IMG/imagem790.jpg,1.0,0.2769193947315216
IMG/imagem791.jpg,1.0,0.3128480017185211
IMG/imagem792.jpg,0.9685798287391663,0.33979445695877075
IMG/imagem793.jpg,0.9685798287391663,0.3577587902545929
IMG/imagem794.jpg,0.9506155252456665,0.38470524549484253
IMG/imagem795.jpg,0.9326512217521667,0.4026695489883423
IMG/imagem796.jpg,0.9236690402030945,0.4296160042285919
IMG/imagem797.jpg,0.9057047367095947,0.4296160042285919
IMG/imagem798.jpg,0.8967226147651672,0.4475803077220917
IMG/imagem799.jpg,0.8967226147651672,0.45656245946884155
IMG/imagem800.jpg,0.8787583112716675,0.4745267629623413
IMG/imagem801.jpg,0.8697761297225952,0.4745267629623413
IMG/imagem802.jpg,0.8697761297225952,0.49249106645584106
IMG/imagem803.jpg,0.8518118262290955,0.49249106645584106
IMG/imagem804.jpg,0.8518118262290955,0.5014731884002686
IMG/imagem805.jpg,0.8338475227355957,0.5014731884002686
IMG/imagem806.jpg,0.8338475227355957,0.5194374918937683
IMG/imagem807.jpg,0.8697761297225952,0.5194374918937683
IMG/imagem808.jpg,0.8787583112716675,0.5194374918937683
IMG/imagem809.jpg,0.9057047367095947,0.5194374918937683
IMG/imagem810.jpg,0.9236690402030945,0.5194374918937683
IMG/imagem811.jpg,0.9326512217521667,0.4745267629623413
IMG/imagem812.jpg,0.9506155252456665,0.45656245946884155
IMG/imagem813.jpg,0.9506155252456665,0.4475803077220917
IMG/imagem814.jpg,0.9685798287391663,0.4296160042285919
IMG/imagem815.jpg,0.9775619506835938,0.41165170073509216
IMG/imagem816.jpg,0.9775619506835938,0.38470524549484253
IMG/imagem817.jpg,0.9775619506835938,0.3577587902545929
IMG/imagem818.jpg,0.9955262541770935,0.33979445695877075
IMG/imagem819.jpg,0.9955262541770935,0.3128480017185211
IMG/imagem820.jpg,0.9955262541770935,0.29488369822502136
IMG/imagem821.jpg,0.9955262541770935,0.2769193947315216
IMG/imagem822.jpg,1.0,0.2769193947315216
IMG/imagem823.jpg,1.0,0.26793724298477173
IMG/imagem824.jpg,1.0,0.24997295439243317
IMG/imagem825.jpg,1.0,0.23197396099567413
IMG/imagem826.jpg,1.0,0.22299180924892426
IMG/imagem827.jpg,1.0,0.2050275057554245
IMG/imagem828.jpg,1.0,0.18706320226192474
IMG/imagem829.jpg,1.0,0.17808105051517487
IMG/imagem830.jpg,1.0,0.1601167470216751
IMG/imagem831.jpg,1.0,0.14215244352817535
IMG/imagem832.jpg,1.0,0.13317029178142548
IMG/imagem833.jpg,1.0,0.11520598828792572
IMG/imagem834.jpg,1.0,0.09724168479442596
IMG/imagem835.jpg,1.0,0.08825953304767609
IMG/imagem836.jpg,1.0,0.13317029178142548
IMG/imagem837.jpg,1.0,0.14215244352817535
IMG/imagem838.jpg,1.0,0.1601167470216751
IMG/imagem839.jpg,1.0,0.17808105051517487
IMG/imagem840.jpg,1.0,0.18706320226192474
IMG/imagem841.jpg,1.0,0.2050275057554245
IMG/imagem842.jpg,1.0,0.22299180924892426
IMG/imagem843.jpg,1.0,0.23197396099567413
IMG/imagem844.jpg,1.0,0.24997295439243317
IMG/imagem845.jpg,1.0,0.26793724298477173
IMG/imagem846.jpg,1.0,0.2769193947315216
IMG/imagem847.jpg,1.0,0.29488369822502136
IMG/imagem848.jpg,0.7979189157485962,0.5643482804298401
IMG/imagem849.jpg,0.8787583112716675,0.5284196734428406
IMG/imagem850.jpg,0.8967226147651672,0.5194374918937683
IMG/imagem851.jpg,0.9057047367095947,0.49249106645584106
IMG/imagem852.jpg,0.9236690402030945,0.4745267629623413
IMG/imagem853.jpg,0.9326512217521667,0.45656245946884155
IMG/imagem854.jpg,0.9506155252456665,0.4296160042285919
IMG/imagem855.jpg,0.9685798287391663,0.4296160042285919
IMG/imagem856.jpg,0.9685798287391663,0.41165170073509216
IMG/imagem857.jpg,0.9775619506835938,0.41165170073509216
IMG/imagem858.jpg,0.9775619506835938,0.38470524549484253
IMG/imagem859.jpg,0.9775619506835938,0.3667409420013428
IMG/imagem860.jpg,0.9775619506835938,0.3577587902545929
IMG/imagem861.jpg,0.9955262541770935,0.33979445695877075
IMG/imagem862.jpg,0.9955262541770935,0.321830153465271
IMG/imagem863.jpg,0.9955262541770935,0.3128480017185211
IMG/imagem864.jpg,0.9955262541770935,0.2769193947315216
IMG/imagem865.jpg,0.9955262541770935,0.26793724298477173
IMG/imagem866.jpg,1.0,0.24997295439243317
IMG/imagem867.jpg,1.0,0.22299180924892426
IMG/imagem868.jpg,1.0,0.2050275057554245
IMG/imagem869.jpg,1.0,0.17808105051517487
IMG/imagem870.jpg,1.0,0.1601167470216751
IMG/imagem871.jpg,1.0,0.13317029178142548
IMG/imagem872.jpg,1.0,0.08825953304767609
IMG/imagem873.jpg,1.0,0.052330922335386276
IMG/imagem874.jpg,1.0,0.025384463369846344
IMG/imagem875.jpg,1.0,-0.0
IMG/imagem876.jpg,1.0,-0.0
IMG/imagem877.jpg,1.0,-0.0
IMG/imagem878.jpg,1.0,-0.0
IMG/imagem879.jpg,1.0,-0.0
IMG/imagem880.jpg,1.0,-0.0
IMG/imagem881.jpg,1.0,-0.0
IMG/imagem882.jpg,1.0,-0.0
IMG/imagem883.jpg,1.0,-0.0
IMG/imagem884.jpg,1.0,-0.0
IMG/imagem885.jpg,1.0,-0.0
IMG/imagem886.jpg,1.0,-0.0
IMG/imagem887.jpg,1.0,0.025384463369846344
IMG/imagem888.jpg,1.0,0.052330922335386276
IMG/imagem889.jpg,1.0,0.07029522210359573
IMG/imagem890.jpg,1.0,0.08825953304767609
IMG/imagem891.jpg,1.0,0.09724168479442596
IMG/imagem892.jpg,1.0,0.14215244352817535
IMG/imagem893.jpg,1.0,0.1601167470216751
IMG/imagem894.jpg,1.0,0.17808105051517487
IMG/imagem895.jpg,1.0,0.18706320226192474
IMG/imagem896.jpg,1.0,0.2050275057554245
IMG/imagem897.jpg,1.0,0.22299180924892426
IMG/imagem898.jpg,1.0,0.23197396099567413
IMG/imagem899.jpg,1.0,0.24997295439243317
IMG/imagem900.jpg,1.0,0.26793724298477173
IMG/imagem901.jpg,1.0,0.2769193947315216
IMG/imagem902.jpg,1.0,0.29488369822502136
IMG/imagem903.jpg,1.0,0.3128480017185211
IMG/imagem904.jpg,1.0,0.321830153465271
IMG/imagem905.jpg,0.9685798287391663,0.3577587902545929
IMG/imagem906.jpg,0.9506155252456665,0.3577587902545929
IMG/imagem907.jpg,0.9506155252456665,0.3667409420013428
IMG/imagem908.jpg,0.9326512217521667,0.38470524549484253
IMG/imagem909.jpg,0.9326512217521667,0.4026695489883423
IMG/imagem910.jpg,0.9236690402030945,0.41165170073509216
IMG/imagem911.jpg,0.9236690402030945,0.4296160042285919
IMG/imagem912.jpg,0.8967226147651672,0.4475803077220917
IMG/imagem913.jpg,0.8787583112716675,0.45656245946884155
IMG/imagem914.jpg,0.9326512217521667,0.45656245946884155
IMG/imagem915.jpg,1.0,0.22299180924892426
IMG/imagem916.jpg,1.0,0.17808105051517487
IMG/imagem917.jpg,1.0,0.14215244352817535
IMG/imagem918.jpg,1.0,0.09724168479442596
IMG/imagem919.jpg,1.0,0.07029522210359573
IMG/imagem920.jpg,1.0,0.0433487668633461
IMG/imagem921.jpg,1.0,0.025384463369846344
IMG/imagem922.jpg,1.0,-0.0
IMG/imagem923.jpg,1.0,-0.0
IMG/imagem924.jpg,1.0,-0.0
IMG/imagem925.jpg,1.0,-0.0
IMG/imagem926.jpg,1.0,-0.0
IMG/imagem927.jpg,1.0,-0.0
IMG/imagem928.jpg,1.0,-0.0
IMG/imagem929.jpg,1.0,-0.0
IMG/imagem930.jpg,1.0,-0.0
IMG/imagem931.jpg,1.0,-0.0
IMG/imagem932.jpg,1.0,-0.0
IMG/imagem933.jpg,1.0,-0.0
IMG/imagem934.jpg,1.0,-0.0
IMG/imagem935.jpg,1.0,0.016402311623096466
IMG/imagem936.jpg,1.0,0.0433487668633461
IMG/imagem937.jpg,1.0,0.052330922335386276
IMG/imagem938.jpg,1.0,0.07029522210359573
IMG/imagem939.jpg,1.0,0.09724168479442596
IMG/imagem940.jpg,1.0,0.14215244352817535
IMG/imagem941.jpg,1.0,0.1601167470216751
IMG/imagem942.jpg,1.0,0.18706320226192474
IMG/imagem943.jpg,1.0,0.22299180924892426
IMG/imagem944.jpg,1.0,0.26793724298477173
IMG/imagem945.jpg,1.0,0.29488369822502136
IMG/imagem946.jpg,1.0,0.321830153465271
IMG/imagem947.jpg,0.9685798287391663,0.3577587902545929
IMG/imagem948.jpg,0.9326512217521667,0.41165170073509216
IMG/imagem949.jpg,0.8967226147651672,0.4475803077220917
IMG/imagem950.jpg,0.8967226147651672,0.45656245946884155
IMG/imagem951.jpg,0.8697761297225952,0.4745267629623413
IMG/imagem952.jpg,0.8518118262290955,0.49249106645584106
IMG/imagem953.jpg,0.8338475227355957,0.5194374918937683
IMG/imagem954.jpg,0.8248654007911682,0.5284196734428406
IMG/imagem955.jpg,0.8069010376930237,0.5463839769363403
IMG/imagem956.jpg,0.8069010376930237,0.5643482804298401
IMG/imagem957.jpg,0.7979189157485962,0.5643482804298401
IMG/imagem958.jpg,0.7799546122550964,0.5733304023742676
IMG/imagem959.jpg,0.7799546122550964,0.5912947058677673
IMG/imagem960.jpg,0.7709724307060242,0.6182411909103394
IMG/imagem961.jpg,0.7709724307060242,0.6362401843070984
IMG/imagem962.jpg,0.7530081272125244,0.6542044878005981
IMG/imagem963.jpg,0.7530081272125244,0.6631866097450256
IMG/imagem964.jpg,0.7530081272125244,0.6811509132385254
IMG/imagem965.jpg,0.7979189157485962,0.6811509132385254
IMG/imagem966.jpg,0.7979189157485962,0.6362401843070984
IMG/imagem967.jpg,0.8069010376930237,0.6182411909103394
IMG/imagem968.jpg,0.8069010376930237,0.6092590093612671
IMG/imagem969.jpg,0.8248654007911682,0.6092590093612671
IMG/imagem970.jpg,0.8248654007911682,0.5912947058677673
IMG/imagem971.jpg,0.8338475227355957,0.5912947058677673
IMG/imagem972.jpg,0.8518118262290955,0.5733304023742676
IMG/imagem973.jpg,0.8697761297225952,0.5643482804298401
IMG/imagem974.jpg,0.8787583112716675,0.5463839769363403
IMG/imagem975.jpg,0.8967226147651672,0.5284196734428406
IMG/imagem976.jpg,0.9057047367095947,0.5194374918937683
IMG/imagem977.jpg,0.9057047367095947,0.5014731884002686
IMG/imagem978.jpg,0.9236690402030945,0.49249106645584106
IMG/imagem979.jpg,0.9326512217521667,0.4745267629623413
IMG/imagem980.jpg,0.9506155252456665,0.45656245946884155
IMG/imagem981.jpg,0.9506155252456665,0.4475803077220917
IMG/imagem982.jpg,0.9685798287391663,0.4296160042285919
IMG/imagem983.jpg,0.9685798287391663,0.41165170073509216
IMG/imagem984.jpg,0.9775619506835938,0.38470524549484253
IMG/imagem985.jpg,0.9775619506835938,0.3577587902545929
IMG/imagem986.jpg,0.9955262541770935,0.33979445695877075
IMG/imagem987.jpg,0.9955262541770935,0.321830153465271
IMG/imagem988.jpg,0.9955262541770935,0.29488369822502136
IMG/imagem989.jpg,1.0,0.2769193947315216
IMG/imagem990.jpg,1.0,0.26793724298477173
IMG/imagem991.jpg,1.0,0.24997295439243317
IMG/imagem992.jpg,1.0,0.23197396099567413
IMG/imagem993.jpg,1.0,0.22299180924892426
IMG/imagem994.jpg,1.0,0.2050275057554245
IMG/imagem995.jpg,1.0,0.17808105051517487
IMG/imagem996.jpg,1.0,0.1601167470216751
IMG/imagem997.jpg,1.0,0.14215244352817535
IMG/imagem998.jpg,1.0,0.11520598828792572
IMG/imagem999.jpg,1.0,0.09724168479442596
IMG/imagem1000.jpg,1.0,0.07029522210359573
IMG/imagem1001.jpg,1.0,0.052330922335386276
IMG/imagem1002.jpg,1.0,0.0433487668633461
IMG/imagem1003.jpg,1.0,0.016402311623096466
IMG/imagem1004.jpg,1.0,-0.0
IMG/imagem1005.jpg,1.0,-0.0
IMG/imagem1006.jpg,1.0,-0.0
IMG/imagem1007.jpg,1.0,-0.0
IMG/imagem1008.jpg,1.0,-0.0
IMG/imagem1009.jpg,1.0,-0.0
IMG/imagem1010.jpg,1.0,-0.0
IMG/imagem1011.jpg,1.0,-0.0
IMG/imagem1012.jpg,1.0,-0.0
IMG/imagem1013.jpg,1.0,-0.0
IMG/imagem1014.jpg,1.0,-0.0
IMG/imagem1015.jpg,1.0,-0.0
IMG/imagem1016.jpg,1.0,-0.0
IMG/imagem1017.jpg,1.0,-0.0
IMG/imagem1018.jpg,1.0,-0.0
IMG/imagem1019.jpg,1.0,-0.0
IMG/imagem1020.jpg,1.0,-0.0
IMG/imagem1021.jpg,1.0,-0.0
IMG/imagem1022.jpg,1.0,-0.0
IMG/imagem1023.jpg,1.0,-0.0
IMG/imagem1024.jpg,1.0,-0.007350799161940813
IMG/imagem1025.jpg,1.0,-0.02531510405242443
IMG/imagem1026.jpg,1.0,-0.03429725766181946
IMG/imagem1027.jpg,1.0,-0.052261561155319214
IMG/imagem1028.jpg,1.0,-0.06124371290206909
IMG/imagem1029.jpg,1.0,-0.07920801639556885
IMG/imagem1030.jpg,1.0,-0.0971723198890686
IMG/imagem1031.jpg,1.0,-0.10615447163581848
IMG/imagem1032.jpg,1.0,-0.12411877512931824
IMG/imagem1033.jpg,1.0,-0.142083078622818
IMG/imagem1034.jpg,1.0,-0.02531510405242443
IMG/imagem1035.jpg,1.0,-0.03429725766181946
IMG/imagem1036.jpg,1.0,-0.052261561155319214
IMG/imagem1037.jpg,1.0,-0.12411877512931824
IMG/imagem1038.jpg,1.0,-0.142083078622818
IMG/imagem1039.jpg,0.8697761297225952,-0.47445738315582275
IMG/imagem1040.jpg,0.8697761297225952,-0.4924216866493225
IMG/imagem1041.jpg,0.9057047367095947,-0.4924216866493225
IMG/imagem1042.jpg,0.9506155252456665,-0.4475109279155731
IMG/imagem1043.jpg,0.9685798287391663,-0.4205644726753235
IMG/imagem1044.jpg,0.9775619506835938,-0.39361801743507385
IMG/imagem1045.jpg,0.9955262541770935,-0.35768941044807434
IMG/imagem1046.jpg,0.9955262541770935,-0.3307429552078247
IMG/imagem1047.jpg,1.0,-0.26786789298057556
IMG/imagem1048.jpg,1.0,-0.2139403074979782
IMG/imagem1049.jpg,1.0,-0.18699383735656738
IMG/imagem1050.jpg,1.0,-0.15106523036956787
IMG/imagem1051.jpg,1.0,-0.0
IMG/imagem1052.jpg,1.0,-0.0
IMG/imagem1053.jpg,1.0,-0.0
IMG/imagem1054.jpg,0.9955262541770935,-0.35768941044807434
IMG/imagem1055.jpg,0.9955262541770935,-0.34870725870132446
IMG/imagem1056.jpg,1.0,-0.23190461099147797
IMG/imagem1057.jpg,1.0,-0.16902953386306763
IMG/imagem1058.jpg,1.0,-0.15106523036956787
IMG/imagem1059.jpg,1.0,-0.0
IMG/imagem1060.jpg,1.0,-0.0
IMG/imagem1061.jpg,1.0,-0.0
IMG/imagem1062.jpg,1.0,-0.0
IMG/imagem1063.jpg,1.0,0.29488369822502136
IMG/imagem1064.jpg,0.9506155252456665,0.3667409420013428
IMG/imagem1065.jpg,0.9506155252456665,0.38470524549484253
IMG/imagem1066.jpg,0.9326512217521667,0.4026695489883423
IMG/imagem1067.jpg,0.9057047367095947,0.4296160042285919
IMG/imagem1068.jpg,0.8967226147651672,0.4475803077220917
IMG/imagem1069.jpg,0.8787583112716675,0.45656245946884155
IMG/imagem1070.jpg,0.8338475227355957,0.5014731884002686
IMG/imagem1071.jpg,0.8697761297225952,0.5014731884002686
IMG/imagem1072.jpg,0.8787583112716675,0.5014731884002686
IMG/imagem1073.jpg,0.9236690402030945,0.5014731884002686
IMG/imagem1074.jpg,0.9326512217521667,0.45656245946884155
IMG/imagem1075.jpg,0.9326512217521667,0.4475803077220917
IMG/imagem1076.jpg,0.9506155252456665,0.4296160042285919
IMG/imagem1077.jpg,1.0,0.2769193947315216
IMG/imagem1078.jpg,0.9506155252456665,0.3667409420013428
IMG/imagem1079.jpg,0.9506155252456665,0.38470524549484253
IMG/imagem1080.jpg,0.8967226147651672,0.4475803077220917
IMG/imagem1081.jpg,0.8787583112716675,0.45656245946884155
IMG/imagem1082.jpg,0.9236690402030945,0.45656245946884155
IMG/imagem1083.jpg,0.9326512217521667,0.45656245946884155
IMG/imagem1084.jpg,0.9506155252456665,0.45656245946884155
IMG/imagem1085.jpg,0.9685798287391663,0.4026695489883423
IMG/imagem1086.jpg,0.9685798287391663,0.3667409420013428
IMG/imagem1087.jpg,0.9775619506835938,0.3577587902545929
IMG/imagem1088.jpg,0.9775619506835938,0.321830153465271
IMG/imagem1089.jpg,0.9775619506835938,0.29488369822502136
IMG/imagem1090.jpg,0.9955262541770935,0.26793724298477173
IMG/imagem1091.jpg,0.9955262541770935,0.23197396099567413
IMG/imagem1092.jpg,1.0,0.17808105051517487
IMG/imagem1093.jpg,1.0,0.1601167470216751
IMG/imagem1094.jpg,1.0,0.13317029178142548
IMG/imagem1095.jpg,1.0,0.09724168479442596
IMG/imagem1096.jpg,1.0,0.07029522210359573
IMG/imagem1097.jpg,1.0,0.052330922335386276
IMG/imagem1098.jpg,1.0,0.0433487668633461
IMG/imagem1099.jpg,1.0,0.025384463369846344
IMG/imagem1100.jpg,1.0,0.016402311623096466
IMG/imagem1101.jpg,1.0,-0.0
IMG/imagem1102.jpg,1.0,-0.0
IMG/imagem1103.jpg,1.0,-0.0
IMG/imagem1104.jpg,1.0,-0.0
IMG/imagem1105.jpg,1.0,-0.0
IMG/imagem1106.jpg,1.0,-0.0
IMG/imagem1107.jpg,1.0,-0.0
IMG/imagem1108.jpg,1.0,-0.0
IMG/imagem1109.jpg,1.0,0.016402311623096466
IMG/imagem1110.jpg,1.0,0.025384463369846344
IMG/imagem1111.jpg,1.0,0.0433487668633461
IMG/imagem1112.jpg,1.0,0.052330922335386276
IMG/imagem1113.jpg,1.0,0.07029522210359573
IMG/imagem1114.jpg,1.0,0.08825953304767609
IMG/imagem1115.jpg,1.0,0.11520598828792572
IMG/imagem1116.jpg,1.0,0.13317029178142548
IMG/imagem1117.jpg,1.0,0.1601167470216751
IMG/imagem1118.jpg,1.0,0.17808105051517487
IMG/imagem1119.jpg,1.0,0.18706320226192474
IMG/imagem1120.jpg,1.0,0.2050275057554245
IMG/imagem1121.jpg,1.0,0.23197396099567413
IMG/imagem1122.jpg,1.0,0.24997295439243317
IMG/imagem1123.jpg,1.0,0.2769193947315216
IMG/imagem1124.jpg,1.0,0.29488369822502136
IMG/imagem1125.jpg,0.9685798287391663,0.3128480017185211
IMG/imagem1126.jpg,0.9685798287391663,0.33979445695877075
IMG/imagem1127.jpg,0.9506155252456665,0.3577587902545929
IMG/imagem1128.jpg,0.9326512217521667,0.3667409420013428
IMG/imagem1129.jpg,0.9326512217521667,0.38470524549484253
IMG/imagem1130.jpg,0.9326512217521667,0.4026695489883423
IMG/imagem1131.jpg,0.9236690402030945,0.41165170073509216
IMG/imagem1132.jpg,0.8967226147651672,0.4296160042285919
IMG/imagem1133.jpg,0.8967226147651672,0.4475803077220917
IMG/imagem1134.jpg,0.8787583112716675,0.4475803077220917
IMG/imagem1135.jpg,0.8787583112716675,0.45656245946884155
IMG/imagem1136.jpg,0.8697761297225952,0.45656245946884155
IMG/imagem1137.jpg,0.8697761297225952,0.4745267629623413
IMG/imagem1138.jpg,0.8518118262290955,0.4745267629623413
IMG/imagem1139.jpg,0.8518118262290955,0.49249106645584106
IMG/imagem1140.jpg,0.8338475227355957,0.49249106645584106
IMG/imagem1141.jpg,0.8697761297225952,0.49249106645584106
IMG/imagem1142.jpg,0.8787583112716675,0.49249106645584106
IMG/imagem1143.jpg,0.8967226147651672,0.49249106645584106
IMG/imagem1144.jpg,0.9236690402030945,0.49249106645584106
IMG/imagem1145.jpg,0.9236690402030945,0.45656245946884155
IMG/imagem1146.jpg,0.9326512217521667,0.4475803077220917
IMG/imagem1147.jpg,0.9506155252456665,0.4296160042285919
IMG/imagem1148.jpg,0.9506155252456665,0.41165170073509216
IMG/imagem1149.jpg,0.9685798287391663,0.4026695489883423
IMG/imagem1150.jpg,0.9685798287391663,0.3667409420013428
IMG/imagem1151.jpg,0.9775619506835938,0.3577587902545929
IMG/imagem1152.jpg,0.9775619506835938,0.33979445695877075
IMG/imagem1153.jpg,0.9775619506835938,0.321830153465271
IMG/imagem1154.jpg,0.9955262541770935,0.29488369822502136
IMG/imagem1155.jpg,0.9955262541770935,0.2769193947315216
IMG/imagem1156.jpg,0.9955262541770935,0.26793724298477173
IMG/imagem1157.jpg,0.9955262541770935,0.24997295439243317
IMG/imagem1158.jpg,1.0,0.23197396099567413
IMG/imagem1159.jpg,1.0,0.22299180924892426
IMG/imagem1160.jpg,1.0,0.2050275057554245
IMG/imagem1161.jpg,1.0,0.18706320226192474
